Cluster,Total_Revenue,Total_Profit,Average_Quantity_Sold,Customer_Count
0,543764.17,26769.39,76.17482061317678,1533
1,531579.89,26465.28,22.528899937849594,1609
2,196070.13,34251.52,54.346609257265875,1858
